1,759,6.1,1,1,1,1
2,306,6.5,1,1,1,1
3,695,7.0,1,1,1,1
4,259,6.3,1,1,1,1
5,444,7.5,1,1,1,1
6,981,6.1,1,1,1,1
7,720,8.0,1,1,1,1
8,957,6.7,1,1,1,1
9,939,6.4,1,1,1,1
10,149,6.0,1,1,1,1
11,423,6.2,1,1,1,1
12,696,7.9,1,1,1,1
13,669,6.3,1,1,1,1
14,323,6.4,1,1,1,1
15,861,6.9,1,1,1,1
16,486,6.5,1,1,1,1
17,149,6.0,1,1,1,1
18,949,7.3,1,1,1,1
19,185,6.4,1,1,1,1
20,529,7.6,1,1,1,1
21,189,6.7,1,1,1,1
22,639,7.5,1,1,1,1
23,800,7.7,1,1,1,1
24,678,6.3,1,1,1,1
25,682,8.0,1,1,1,1
26,726,7.5,1,1,1,1
27,174,7.9,1,1,1,1
28,191,6.9,1,1,1,1
29,153,7.8,1,1,1,1
30,870,6.8,1,1,1,1
31,242,6.0,1,1,1,1
32,475,8.0,1,1,1,1
33,867,7.5,1,1,1,1
34,411,7.0,1,1,1,1
35,318,7.8,1,1,1,1
36,957,6.9,1,1,1,1
37,452,7.2,1,1,1,1
38,576,7.0,1,1,1,1
39,921,6.8,1,1,1,1
40,252,7.1,1,1,1,1
41,928,7.5,1,1,1,1
42,715,7.7,1,1,1,1
43,791,6.1,1,1,1,1
44,776,7.2,1,1,1,1
45,412,6.5,1,1,1,1
46,369,6.1,1,1,1,1
47,527,7.7,1,1,1,1
48,139,7.9,1,1,1,1
49,865,6.7,1,1,1,1
50,953,6.6,1,1,1,1
51,445,7.2,1,1,1,1
52,924,7.4,1,1,1,1
53,669,8.0,1,1,1,1
54,656,7.9,1,1,1,1
55,710,6.9,1,1,1,1
56,549,6.8,1,1,1,1
57,217,7.2,1,1,1,1
58,879,6.0,1,1,1,1
59,873,6.5,1,1,1,1
60,175,6.6,1,1,1,1
61,168,7.6,1,1,1,1
62,632,7.4,1,1,1,1
63,921,8.0,1,1,1,1
64,719,6.9,1,1,1,1
65,452,7.8,1,1,1,1
66,171,6.4,1,1,1,1
67,196,7.3,1,1,1,1
68,719,6.5,1,1,1,1
69,476,7.0,1,1,1,1
70,404,6.8,1,1,1,1
71,969,7.8,1,1,1,1
72,246,6.2,1,1,1,1
73,318,6.4,1,1,1,1
74,411,8.0,1,1,1,1
75,364,6.5,1,1,1,1
76,113,6.4,1,1,1,1
77,384,7.3,1,1,1,1
78,380,7.8,1,1,1,1
79,818,6.4,1,1,1,1
80,245,6.6,1,1,1,1
81,598,6.3,1,1,1,1
82,573,7.7,1,1,1,1
83,256,6.2,1,1,1,1
84,293,7.8,1,1,1,1
85,246,7.2,1,1,1,1
86,846,7.6,1,1,1,1
87,247,7.1,1,1,1,1
88,628,6.4,1,1,1,1
89,899,7.0,1,1,1,1
90,749,7.9,1,1,1,1
91,398,7.6,1,1,1,1
92,284,7.0,1,1,1,1
93,710,7.6,1,1,1,1
94,446,6.9,1,1,1,1
95,967,6.3,1,1,1,1
96,606,7.3,1,1,1,1
97,637,7.1,1,1,1,1
98,662,6.5,1,1,1,1
99,136,6.3,1,1,1,1
100,612,6.9,1,1,1,1
101,1275,7.0,1,2,1,1
102,1736,6.9,1,2,1,1
103,1381,8.0,1,2,1,1
104,571,7.0,1,2,1,1
105,1377,7.8,1,2,1,1
106,632,7.3,1,2,1,1
107,1634,6.2,1,2,1,1
108,537,7.6,1,2,1,1
109,1543,7.4,1,2,1,1
110,1854,6.5,1,2,1,1
111,628,6.4,1,2,1,1
112,1028,6.8,1,2,1,1
113,1753,7.2,1,2,1,1
114,1307,6.5,1,2,1,1
115,1593,7.2,1,2,1,1
116,1277,8.0,1,2,1,1
117,918,7.4,1,2,1,1
118,1992,7.3,1,2,1,1
119,1316,7.6,1,2,1,1
120,1366,7.6,1,2,1,1
121,892,6.5,1,2,1,1
122,1805,6.4,1,2,1,1
123,1439,7.8,1,2,1,1
124,715,6.8,1,2,1,1
125,1259,6.5,1,2,1,1
126,1258,7.3,1,2,1,1
127,902,7.8,1,2,1,1
128,1863,6.2,1,2,1,1
129,1028,6.5,1,2,1,1
130,1916,6.0,1,2,1,1
131,1199,6.5,1,2,1,1
132,1774,6.3,1,2,1,1
133,1254,6.4,1,2,1,1
134,1493,7.8,1,2,1,1
135,1673,6.7,1,2,1,1
136,1655,6.1,1,2,1,1
137,1674,7.4,1,2,1,1
138,1585,6.4,1,2,1,1
139,1304,7.9,1,2,1,1
140,1627,6.9,1,2,1,1
141,1001,6.2,1,2,1,1
142,1504,7.1,1,2,1,1
143,1001,7.6,1,2,1,1
144,1746,7.3,1,2,1,1
145,1311,7.0,1,2,1,1
146,1832,6.5,1,2,1,1
147,821,6.1,1,2,1,1
148,857,6.8,1,2,1,1
149,654,6.3,1,2,1,1
150,1307,6.3,1,2,1,1
151,612,6.5,1,2,1,1
152,1596,8.0,1,2,1,1
153,1277,8.0,1,2,1,1
154,1660,7.7,1,2,1,1
155,1324,6.6,1,2,1,1
156,1103,7.2,1,2,1,1
157,1660,7.2,1,2,1,1
158,661,6.1,1,2,1,1
159,532,7.4,1,2,1,1
160,1114,6.8,1,2,1,1
161,729,6.5,1,2,1,1
162,1340,6.1,1,2,1,1
163,1970,7.1,1,2,1,1
164,1641,6.8,1,2,1,1
165,1337,6.1,1,2,1,1
166,1159,6.7,1,2,1,1
167,1618,7.8,1,2,1,1
168,502,7.0,1,2,1,1
169,1785,6.6,1,2,1,1
170,577,6.7,1,2,1,1
171,821,7.0,1,2,1,1
172,919,6.5,1,2,1,1
173,863,7.2,1,2,1,1
174,1344,6.9,1,2,1,1
175,975,7.0,1,2,1,1
176,625,7.5,1,2,1,1
177,1080,7.8,1,2,1,1
178,891,6.1,1,2,1,1
179,1170,6.9,1,2,1,1
180,1301,7.7,1,2,1,1
181,1912,6.7,1,2,1,1
182,1509,6.3,1,2,1,1
183,725,7.6,1,2,1,1
184,1119,7.9,1,2,1,1
185,1215,7.5,1,2,1,1
186,530,6.0,1,2,1,1
187,895,7.0,1,2,1,1
188,1870,7.4,1,2,1,1
189,1132,6.5,1,2,1,1
190,1006,6.3,1,2,1,1
191,1635,7.1,1,2,1,1
192,1643,6.9,1,2,1,1
193,1643,6.8,1,2,1,1
194,1096,6.1,1,2,1,1
195,1162,6.3,1,2,1,1
196,730,6.5,1,2,1,1
197,1499,7.0,1,2,1,1
198,1959,8.0,1,2,1,1
199,623,7.9,1,2,1,1
200,924,7.7,1,2,1,1
201,773,6.8,1,3,2,1
202,977,7.9,1,3,2,1
203,409,6.4,1,3,2,1
204,474,6.0,1,3,2,1
205,542,6.7,1,3,2,1
206,253,7.3,1,3,2,1
207,119,7.1,1,3,2,1
208,718,6.6,1,3,2,1
209,498,6.5,1,3,2,1
210,699,7.2,1,3,2,1
211,428,7.0,1,3,2,1
212,598,7.5,1,3,2,1
213,504,6.8,1,3,2,1
214,402,6.2,1,3,2,1
215,801,7.9,1,3,2,1
216,895,7.3,1,3,2,1
217,147,6.2,1,3,2,1
218,490,6.7,1,3,2,1
219,537,7.3,1,3,2,1
220,112,7.0,1,3,2,1
221,626,6.0,1,3,2,1
222,797,7.1,1,3,2,1
223,706,6.5,1,3,2,1
224,602,6.1,1,3,2,1
225,915,6.3,1,3,2,1
226,262,7.0,1,3,2,1
227,190,7.9,1,3,2,1
228,594,6.5,1,3,2,1
229,707,6.9,1,3,2,1
230,873,7.0,1,3,2,1
231,859,7.0,1,3,2,1
232,245,8.0,1,3,2,1
233,673,6.6,1,3,2,1
234,725,6.6,1,3,2,1
235,353,7.0,1,3,2,1
236,413,6.4,1,3,2,1
237,838,6.0,1,3,2,1
238,569,8.0,1,3,2,1
239,923,7.4,1,3,2,1
240,302,7.2,1,3,2,1
241,998,7.7,1,3,2,1
242,768,6.9,1,3,2,1
243,742,8.0,1,3,2,1
244,509,6.5,1,3,2,1
245,693,7.6,1,3,2,1
246,522,8.0,1,3,2,1
247,999,7.7,1,3,2,1
248,170,7.4,1,3,2,1
249,304,7.6,1,3,2,1
250,679,7.2,1,3,2,1
251,568,7.4,1,3,2,1
252,827,6.6,1,3,2,1
253,996,6.9,1,3,2,1
254,888,6.2,1,3,2,1
255,123,7.9,1,3,2,1
256,851,7.0,1,3,2,1
257,885,7.9,1,3,2,1
258,756,7.4,1,3,2,1
259,315,6.4,1,3,2,1
260,800,7.4,1,3,2,1
261,750,6.0,1,3,2,1
262,850,6.6,1,3,2,1
263,355,6.2,1,3,2,1
264,292,6.2,1,3,2,1
265,989,6.5,1,3,2,1
266,679,8.0,1,3,2,1
267,873,6.0,1,3,2,1
268,481,6.5,1,3,2,1
269,307,6.8,1,3,2,1
270,573,7.3,1,3,2,1
271,510,7.2,1,3,2,1
272,923,7.6,1,3,2,1
273,774,7.4,1,3,2,1
274,563,7.9,1,3,2,1
275,562,6.7,1,3,2,1
276,443,7.6,1,3,2,1
277,802,7.7,1,3,2,1
278,777,6.9,1,3,2,1
279,604,7.6,1,3,2,1
280,140,7.2,1,3,2,1
281,957,7.6,1,3,2,1
282,211,7.7,1,3,2,1
283,514,6.3,1,3,2,1
284,385,8.0,1,3,2,1
285,611,6.0,1,3,2,1
286,379,6.2,1,3,2,1
287,203,6.9,1,3,2,1
288,430,6.6,1,3,2,1
289,434,8.0,1,3,2,1
290,163,7.7,1,3,2,1
291,629,6.0,1,3,2,1
292,777,7.5,1,3,2,1
293,902,7.2,1,3,2,1
294,258,7.7,1,3,2,1
295,911,7.6,1,3,2,1
296,324,7.6,1,3,2,1
297,652,7.9,1,3,2,1
298,635,6.1,1,3,2,1
299,835,7.9,1,3,2,1
300,275,6.5,1,3,2,1
301,1138,6.5,1,4,2,1
302,1758,7.9,1,4,2,1
303,1983,6.8,1,4,2,1
304,1536,6.5,1,4,2,1
305,874,8.0,1,4,2,1
306,822,7.4,1,4,2,1
307,1997,6.0,1,4,2,1
308,1400,6.0,1,4,2,1
309,579,6.8,1,4,2,1
310,789,7.6,1,4,2,1
311,1171,7.8,1,4,2,1
312,1532,6.4,1,4,2,1
313,1011,7.9,1,4,2,1
314,1522,6.3,1,4,2,1
315,1830,6.1,1,4,2,1
316,1409,6.4,1,4,2,1
317,1468,6.2,1,4,2,1
318,1128,6.1,1,4,2,1
319,1617,7.1,1,4,2,1
320,1458,6.0,1,4,2,1
321,672,8.0,1,4,2,1
322,699,7.6,1,4,2,1
323,1895,7.6,1,4,2,1
324,1293,7.1,1,4,2,1
325,1069,6.8,1,4,2,1
326,1375,7.4,1,4,2,1
327,1309,7.0,1,4,2,1
328,1163,6.2,1,4,2,1
329,1728,6.3,1,4,2,1
330,1892,7.7,1,4,2,1
331,1388,7.4,1,4,2,1
332,1466,6.5,1,4,2,1
333,1454,7.3,1,4,2,1
334,1828,7.8,1,4,2,1
335,1695,6.9,1,4,2,1
336,1027,6.0,1,4,2,1
337,691,6.2,1,4,2,1
338,610,6.1,1,4,2,1
339,1230,6.3,1,4,2,1
340,707,7.3,1,4,2,1
341,1774,8.0,1,4,2,1
342,1199,7.3,1,4,2,1
343,670,7.3,1,4,2,1
344,1081,7.6,1,4,2,1
345,1797,6.3,1,4,2,1
346,577,6.2,1,4,2,1
347,1179,7.3,1,4,2,1
348,555,6.8,1,4,2,1
349,861,7.3,1,4,2,1
350,1056,6.2,1,4,2,1
351,1649,6.9,1,4,2,1
352,1707,7.2,1,4,2,1
353,680,7.2,1,4,2,1
354,1197,7.6,1,4,2,1
355,812,7.0,1,4,2,1
356,629,6.9,1,4,2,1
357,918,6.6,1,4,2,1
358,1268,6.0,1,4,2,1
359,1619,6.3,1,4,2,1
360,1269,7.6,1,4,2,1
361,1974,6.1,1,4,2,1
362,1189,6.8,1,4,2,1
363,926,7.5,1,4,2,1
364,639,7.6,1,4,2,1
365,1534,8.0,1,4,2,1
366,1139,7.4,1,4,2,1
367,512,6.7,1,4,2,1
368,815,7.5,1,4,2,1
369,1894,7.0,1,4,2,1
370,719,7.9,1,4,2,1
371,1470,6.5,1,4,2,1
372,1490,7.8,1,4,2,1
373,794,6.9,1,4,2,1
374,1432,7.9,1,4,2,1
375,1754,7.6,1,4,2,1
376,1552,7.7,1,4,2,1
377,1311,6.1,1,4,2,1
378,1314,6.5,1,4,2,1
379,732,6.0,1,4,2,1
380,1930,6.8,1,4,2,1
381,1034,6.6,1,4,2,1
382,1293,6.9,1,4,2,1
383,1895,6.0,1,4,2,1
384,1037,6.2,1,4,2,1
385,696,6.3,1,4,2,1
386,1351,6.1,1,4,2,1
387,901,7.2,1,4,2,1
388,1391,7.5,1,4,2,1
389,1851,7.1,1,4,2,1
390,1203,7.4,1,4,2,1
391,702,7.7,1,4,2,1
392,782,6.1,1,4,2,1
393,1041,6.1,1,4,2,1
394,1647,6.5,1,4,2,1
395,1320,8.0,1,4,2,1
396,1437,7.5,1,4,2,1
397,853,6.5,1,4,2,1
398,805,6.2,1,4,2,1
399,1184,7.8,1,4,2,1
400,1390,6.8,1,4,2,1
401,129,7.4,1,5,3,1
402,968,6.4,1,5,3,1
403,135,6.7,1,5,3,1
404,1050,7.0,1,5,3,1
405,1474,6.6,1,5,3,1
406,523,6.4,1,5,3,1
407,127,7.6,1,5,3,1
408,673,7.6,1,5,3,1
409,850,7.3,1,5,3,1
410,846,7.1,1,5,3,1
411,805,6.9,1,5,3,1
412,160,6.5,1,5,3,1
413,1368,7.1,1,5,3,1
414,921,7.0,1,5,3,1
415,318,6.5,1,5,3,1
416,1201,6.8,1,5,3,1
417,944,6.0,1,5,3,1
418,1475,6.7,1,5,3,1
419,817,6.5,1,5,3,1
420,307,6.1,1,5,3,1
421,996,6.7,1,5,3,1
422,638,6.9,1,5,3,1
423,696,8.0,1,5,3,1
424,222,8.0,1,5,3,1
425,902,7.7,1,5,3,1
426,656,7.4,1,5,3,1
427,1243,6.4,1,5,3,1
428,1193,7.1,1,5,3,1
429,404,6.4,1,5,3,1
430,1114,6.9,1,5,3,1
431,433,6.0,1,5,3,1
432,395,7.8,1,5,3,1
433,443,6.1,1,5,3,1
434,570,7.2,1,5,3,1
435,321,7.0,1,5,3,1
436,1031,7.6,1,5,3,1
437,528,7.7,1,5,3,1
438,1018,7.0,1,5,3,1
439,1049,6.4,1,5,3,1
440,259,6.9,1,5,3,1
441,892,6.1,1,5,3,1
442,163,7.8,1,5,3,1
443,890,6.5,1,5,3,1
444,1272,6.8,1,5,3,1
445,237,7.6,1,5,3,1
446,612,7.3,1,5,3,1
447,583,7.1,1,5,3,1
448,279,6.1,1,5,3,1
449,766,7.4,1,5,3,1
450,680,6.5,1,5,3,1
451,342,7.5,1,5,3,1
452,1068,7.9,1,5,3,1
453,458,6.2,1,5,3,1
454,952,7.8,1,5,3,1
455,967,7.3,1,5,3,1
456,279,7.8,1,5,3,1
457,380,6.2,1,5,3,1
458,1237,8.0,1,5,3,1
459,601,7.0,1,5,3,1
460,339,6.0,1,5,3,1
461,1497,7.4,1,5,3,1
462,1493,7.5,1,5,3,1
463,196,8.0,1,5,3,1
464,1246,7.7,1,5,3,1
465,1036,6.8,1,5,3,1
466,1175,7.6,1,5,3,1
467,919,6.6,1,5,3,1
468,1212,6.2,1,5,3,1
469,1447,7.0,1,5,3,1
470,634,6.6,1,5,3,1
471,974,7.3,1,5,3,1
472,1437,6.0,1,5,3,1
473,1087,7.7,1,5,3,1
474,804,6.5,1,5,3,1
475,305,7.3,1,5,3,1
476,125,7.2,1,5,3,1
477,462,7.8,1,5,3,1
478,598,6.3,1,5,3,1
479,117,6.9,1,5,3,1
480,1021,7.9,1,5,3,1
481,389,7.5,1,5,3,1
482,153,7.6,1,5,3,1
483,683,6.6,1,5,3,1
484,853,6.0,1,5,3,1
485,562,7.4,1,5,3,1
486,799,7.0,1,5,3,1
487,267,7.3,1,5,3,1
488,1161,6.3,1,5,3,1
489,545,6.9,1,5,3,1
490,1392,7.7,1,5,3,1
491,990,7.3,1,5,3,1
492,1078,8.0,1,5,3,1
493,1054,6.4,1,5,3,1
494,471,7.2,1,5,3,1
495,486,7.8,1,5,3,1
496,1018,7.9,1,5,3,1
497,1327,7.8,1,5,3,1
498,1274,8.0,1,5,3,1
499,566,7.7,1,5,3,1
500,810,7.5,1,5,3,1
501,999,7.5,1,4,3,1
502,776,7.0,1,4,3,1
503,1109,6.9,1,4,3,1
504,802,6.8,1,4,3,1
505,1007,6.9,1,4,3,1
506,1835,7.3,1,4,3,1
507,1242,6.0,1,4,3,1
508,1286,7.8,1,4,3,1
509,580,6.1,1,4,3,1
510,1418,6.5,1,4,3,1
511,1324,7.2,1,4,3,1
512,1765,7.3,1,4,3,1
513,1496,6.4,1,4,3,1
514,1827,6.7,1,4,3,1
515,1978,7.2,1,4,3,1
516,602,7.8,1,4,3,1
517,937,6.1,1,4,3,1
518,1896,6.4,1,4,3,1
519,1184,6.6,1,4,3,1
520,576,7.2,1,4,3,1
521,1777,6.8,1,4,3,1
522,975,7.3,1,4,3,1
523,711,7.7,1,4,3,1
524,1054,7.5,1,4,3,1
525,565,7.9,1,4,3,1
526,1121,6.5,1,4,3,1
527,694,6.4,1,4,3,1
528,1812,7.3,1,4,3,1
529,514,6.7,1,4,3,1
530,1217,7.8,1,4,3,1
531,769,6.0,1,4,3,1
532,1588,6.5,1,4,3,1
533,540,7.6,1,4,3,1
534,1201,6.3,1,4,3,1
535,1753,6.4,1,4,3,1
536,774,6.1,1,4,3,1
537,1754,8.0,1,4,3,1
538,1992,6.3,1,4,3,1
539,736,7.6,1,4,3,1
540,1467,7.6,1,4,3,1
541,866,6.1,1,4,3,1
542,1726,7.2,1,4,3,1
543,1007,6.0,1,4,3,1
544,1189,6.8,1,4,3,1
545,1288,6.5,1,4,3,1
546,1920,7.6,1,4,3,1
547,623,7.0,1,4,3,1
548,1634,7.4,1,4,3,1
549,1278,6.4,1,4,3,1
550,566,7.5,1,4,3,1
551,680,7.7,1,4,3,1
552,913,6.5,1,4,3,1
553,952,6.5,1,4,3,1
554,1705,8.0,1,4,3,1
555,1158,7.9,1,4,3,1
556,795,6.6,1,4,3,1
557,1800,7.8,1,4,3,1
558,1573,7.6,1,4,3,1
559,1842,7.3,1,4,3,1
560,1915,7.8,1,4,3,1
561,859,6.4,1,4,3,1
562,1705,7.0,1,4,3,1
563,1724,6.5,1,4,3,1
564,1851,7.2,1,4,3,1
565,1917,6.3,1,4,3,1
566,1501,6.0,1,4,3,1
567,1830,6.3,1,4,3,1
568,838,6.1,1,4,3,1
569,1333,7.0,1,4,3,1
570,1329,7.4,1,4,3,1
571,1756,7.3,1,4,3,1
572,1648,6.4,1,4,3,1
573,1002,7.4,1,4,3,1
574,692,6.0,1,4,3,1
575,558,6.4,1,4,3,1
576,1527,7.1,1,4,3,1
577,1578,6.6,1,4,3,1
578,705,8.0,1,4,3,1
579,1499,6.4,1,4,3,1
580,1427,7.0,1,4,3,1
581,1664,6.6,1,4,3,1
582,697,7.4,1,4,3,1
583,522,6.6,1,4,3,1
584,960,7.1,1,4,3,1
585,775,7.4,1,4,3,1
586,791,6.6,1,4,3,1
587,1116,6.8,1,4,3,1
588,1865,7.6,1,4,3,1
589,780,6.8,1,4,3,1
590,1956,6.4,1,4,3,1
591,1937,6.3,1,4,3,1
592,688,7.6,1,4,3,1
593,793,6.5,1,4,3,1
594,588,6.6,1,4,3,1
595,1286,7.4,1,4,3,1
596,1339,6.0,1,4,3,1
597,1560,6.2,1,4,3,1
598,1123,7.0,1,4,3,1
599,1882,7.2,1,4,3,1
600,1065,6.4,1,4,3,1
601,939,7.6,2,2,1,1
602,657,7.4,2,2,1,1
603,770,8.0,2,2,1,1
604,868,6.5,2,2,1,1
605,690,6.4,2,2,1,1
606,129,8.0,2,2,1,1
607,697,7.0,2,2,1,1
608,347,6.9,2,2,1,1
609,914,6.0,2,2,1,1
610,821,6.7,2,2,1,1
611,538,7.9,2,2,1,1
612,501,6.1,2,2,1,1
613,375,7.2,2,2,1,1
614,494,6.5,2,2,1,1
615,791,6.6,2,2,1,1
616,264,6.7,2,2,1,1
617,389,7.5,2,2,1,1
618,306,6.3,2,2,1,1
619,560,7.9,2,2,1,1
620,328,6.2,2,2,1,1
621,864,7.4,2,2,1,1
622,774,7.8,2,2,1,1
623,533,6.0,2,2,1,1
624,190,6.9,2,2,1,1
625,685,8.0,2,2,1,1
626,600,6.7,2,2,1,1
627,662,7.1,2,2,1,1
628,881,7.7,2,2,1,1
629,606,6.1,2,2,1,1
630,449,6.5,2,2,1,1
631,317,6.4,2,2,1,1
632,428,7.6,2,2,1,1
633,369,6.9,2,2,1,1
634,331,6.4,2,2,1,1
635,318,6.1,2,2,1,1
636,371,6.9,2,2,1,1
637,513,7.1,2,2,1,1
638,859,7.5,2,2,1,1
639,330,8.0,2,2,1,1
640,184,7.3,2,2,1,1
641,225,7.9,2,2,1,1
642,207,7.1,2,2,1,1
643,250,6.3,2,2,1,1
644,749,6.2,2,2,1,1
645,815,7.6,2,2,1,1
646,855,6.6,2,2,1,1
647,218,6.7,2,2,1,1
648,399,6.5,2,2,1,1
649,367,7.8,2,2,1,1
650,782,6.4,2,2,1,1
651,321,6.9,2,2,1,1
652,231,6.9,2,2,1,1
653,820,6.1,2,2,1,1
654,742,7.6,2,2,1,1
655,500,6.1,2,2,1,1
656,988,7.7,2,2,1,1
657,668,6.9,2,2,1,1
658,347,7.9,2,2,1,1
659,498,6.5,2,2,1,1
660,956,7.8,2,2,1,1
661,462,6.0,2,2,1,1
662,503,7.4,2,2,1,1
663,792,7.4,2,2,1,1
664,717,7.5,2,2,1,1
665,952,7.3,2,2,1,1
666,408,8.0,2,2,1,1
667,450,6.4,2,2,1,1
668,706,6.3,2,2,1,1
669,892,7.1,2,2,1,1
670,753,6.1,2,2,1,1
671,272,7.2,2,2,1,1
672,674,7.2,2,2,1,1
673,969,7.6,2,2,1,1
674,715,7.4,2,2,1,1
675,542,6.4,2,2,1,1
676,262,7.6,2,2,1,1
677,803,6.1,2,2,1,1
678,531,6.7,2,2,1,1
679,394,7.5,2,2,1,1
680,529,7.1,2,2,1,1
681,115,7.5,2,2,1,1
682,582,7.3,2,2,1,1
683,115,7.3,2,2,1,1
684,957,6.0,2,2,1,1
685,715,6.8,2,2,1,1
686,777,6.1,2,2,1,1
687,106,6.0,2,2,1,1
688,168,7.7,2,2,1,1
689,286,7.8,2,2,1,1
690,908,6.0,2,2,1,1
691,506,7.9,2,2,1,1
692,943,7.6,2,2,1,1
693,649,7.9,2,2,1,1
694,421,7.1,2,2,1,1
695,399,7.2,2,2,1,1
696,558,6.8,2,2,1,1
697,897,7.9,2,2,1,1
698,512,6.6,2,2,1,1
699,818,6.0,2,2,1,1
700,230,7.5,2,2,1,1
701,1672,7.1,2,6,1,1
702,1483,7.1,2,6,1,1
703,1212,7.2,2,6,1,1
704,927,6.6,2,6,1,1
705,1695,6.8,2,6,1,1
706,800,7.5,2,6,1,1
707,1600,6.0,2,6,1,1
708,1729,6.2,2,6,1,1
709,1180,7.5,2,6,1,1
710,625,6.6,2,6,1,1
711,1618,6.5,2,6,1,1
712,1440,6.0,2,6,1,1
713,543,7.8,2,6,1,1
714,1519,6.3,2,6,1,1
715,1270,6.2,2,6,1,1
716,615,6.6,2,6,1,1
717,855,6.9,2,6,1,1
718,1849,7.9,2,6,1,1
719,1464,7.2,2,6,1,1
720,1849,6.2,2,6,1,1
721,1174,6.2,2,6,1,1
722,797,6.3,2,6,1,1
723,617,6.0,2,6,1,1
724,1881,6.8,2,6,1,1
725,1031,8.0,2,6,1,1
726,1593,7.1,2,6,1,1
727,1539,6.3,2,6,1,1
728,1820,7.4,2,6,1,1
729,1480,7.4,2,6,1,1
730,854,6.4,2,6,1,1
731,1184,7.8,2,6,1,1
732,1715,7.2,2,6,1,1
733,1406,6.8,2,6,1,1
734,631,6.7,2,6,1,1
735,532,7.5,2,6,1,1
736,1083,6.3,2,6,1,1
737,1547,7.9,2,6,1,1
738,672,6.1,2,6,1,1
739,1184,6.2,2,6,1,1
740,834,6.8,2,6,1,1
741,810,7.7,2,6,1,1
742,1292,7.0,2,6,1,1
743,1081,7.3,2,6,1,1
744,1839,6.5,2,6,1,1
745,1594,6.1,2,6,1,1
746,1895,8.0,2,6,1,1
747,1568,6.6,2,6,1,1
748,1114,8.0,2,6,1,1
749,634,6.1,2,6,1,1
750,1751,7.6,2,6,1,1
751,877,7.5,2,6,1,1
752,1872,7.2,2,6,1,1
753,574,7.3,2,6,1,1
754,1362,6.2,2,6,1,1
755,1548,7.6,2,6,1,1
756,1758,6.6,2,6,1,1
757,1514,7.4,2,6,1,1
758,993,7.6,2,6,1,1
759,1899,7.2,2,6,1,1
760,1313,6.9,2,6,1,1
761,1904,6.6,2,6,1,1
762,1096,7.2,2,6,1,1
763,1127,6.7,2,6,1,1
764,998,7.0,2,6,1,1
765,1593,7.7,2,6,1,1
766,1796,7.3,2,6,1,1
767,1700,7.7,2,6,1,1
768,682,7.7,2,6,1,1
769,1328,7.2,2,6,1,1
770,1925,6.9,2,6,1,1
771,554,6.5,2,6,1,1
772,1912,6.7,2,6,1,1
773,695,6.7,2,6,1,1
774,1279,7.6,2,6,1,1
775,947,7.8,2,6,1,1
776,1516,6.0,2,6,1,1
777,1830,6.3,2,6,1,1
778,1996,7.6,2,6,1,1
779,1308,7.7,2,6,1,1
780,1741,7.6,2,6,1,1
781,724,6.4,2,6,1,1
782,1516,6.4,2,6,1,1
783,535,7.4,2,6,1,1
784,1409,7.4,2,6,1,1
785,1614,7.1,2,6,1,1
786,1875,7.5,2,6,1,1
787,1342,7.8,2,6,1,1
788,625,7.9,2,6,1,1
789,608,7.3,2,6,1,1
790,1323,7.4,2,6,1,1
791,1499,7.8,2,6,1,1
792,1116,7.4,2,6,1,1
793,1197,7.8,2,6,1,1
794,594,6.0,2,6,1,1
795,1548,7.4,2,6,1,1
796,1121,6.9,2,6,1,1
797,808,6.1,2,6,1,1
798,1318,6.6,2,6,1,1
799,554,6.5,2,6,1,1
800,1848,6.0,2,6,1,1
801,468,7.8,2,3,2,1
802,637,7.7,2,3,2,1
803,309,7.7,2,3,2,1
804,365,7.2,2,3,2,1
805,368,6.1,2,3,2,1
806,192,6.6,2,3,2,1
807,932,7.7,2,3,2,1
808,813,7.4,2,3,2,1
809,517,6.0,2,3,2,1
810,948,6.6,2,3,2,1
811,776,6.5,2,3,2,1
812,983,7.5,2,3,2,1
813,694,7.4,2,3,2,1
814,509,6.6,2,3,2,1
815,177,6.9,2,3,2,1
816,289,6.5,2,3,2,1
817,973,7.8,2,3,2,1
818,279,7.1,2,3,2,1
819,580,6.8,2,3,2,1
820,714,7.3,2,3,2,1
821,778,6.4,2,3,2,1
822,210,7.0,2,3,2,1
823,632,6.2,2,3,2,1
824,590,7.3,2,3,2,1
825,139,7.5,2,3,2,1
826,464,6.8,2,3,2,1
827,929,6.2,2,3,2,1
828,580,7.6,2,3,2,1
829,220,6.7,2,3,2,1
830,348,7.9,2,3,2,1
831,510,7.6,2,3,2,1
832,359,7.0,2,3,2,1
833,920,7.4,2,3,2,1
834,258,7.3,2,3,2,1
835,315,6.6,2,3,2,1
836,572,7.9,2,3,2,1
837,815,7.4,2,3,2,1
838,381,6.6,2,3,2,1
839,617,6.6,2,3,2,1
840,483,6.2,2,3,2,1
841,522,6.0,2,3,2,1
842,923,6.9,2,3,2,1
843,222,8.0,2,3,2,1
844,315,7.2,2,3,2,1
845,849,6.0,2,3,2,1
846,398,7.9,2,3,2,1
847,397,6.4,2,3,2,1
848,258,6.4,2,3,2,1
849,283,6.6,2,3,2,1
850,646,6.1,2,3,2,1
851,268,7.5,2,3,2,1
852,280,6.2,2,3,2,1
853,945,8.0,2,3,2,1
854,450,6.1,2,3,2,1
855,611,7.5,2,3,2,1
856,147,6.1,2,3,2,1
857,451,6.4,2,3,2,1
858,217,7.5,2,3,2,1
859,118,6.9,2,3,2,1
860,283,6.8,2,3,2,1
861,548,6.5,2,3,2,1
862,231,7.3,2,3,2,1
863,132,6.5,2,3,2,1
864,804,6.8,2,3,2,1
865,706,7.1,2,3,2,1
866,166,6.0,2,3,2,1
867,151,7.6,2,3,2,1
868,122,7.6,2,3,2,1
869,845,6.4,2,3,2,1
870,388,7.5,2,3,2,1
871,164,6.0,2,3,2,1
872,843,6.5,2,3,2,1
873,580,7.2,2,3,2,1
874,156,7.7,2,3,2,1
875,866,6.7,2,3,2,1
876,978,6.4,2,3,2,1
877,588,7.0,2,3,2,1
878,336,6.5,2,3,2,1
879,507,7.9,2,3,2,1
880,186,7.4,2,3,2,1
881,965,7.0,2,3,2,1
882,317,7.0,2,3,2,1
883,147,8.0,2,3,2,1
884,905,7.8,2,3,2,1
885,716,6.0,2,3,2,1
886,857,7.6,2,3,2,1
887,675,7.5,2,3,2,1
888,595,6.7,2,3,2,1
889,888,8.0,2,3,2,1
890,736,7.6,2,3,2,1
891,675,6.3,2,3,2,1
892,414,7.1,2,3,2,1
893,142,6.4,2,3,2,1
894,375,7.8,2,3,2,1
895,679,7.5,2,3,2,1
896,268,7.9,2,3,2,1
897,294,6.1,2,3,2,1
898,936,7.9,2,3,2,1
899,190,7.5,2,3,2,1
900,123,7.4,2,3,2,1
901,1125,6.4,2,7,2,1
902,996,7.5,2,7,2,1
903,936,7.5,2,7,2,1
904,593,7.8,2,7,2,1
905,934,7.1,2,7,2,1
906,1289,7.1,2,7,2,1
907,1571,6.5,2,7,2,1
908,1556,6.8,2,7,2,1
909,834,7.8,2,7,2,1
910,1095,7.6,2,7,2,1
911,556,6.0,2,7,2,1
912,1971,7.4,2,7,2,1
913,515,8.0,2,7,2,1
914,837,7.1,2,7,2,1
915,1768,6.5,2,7,2,1
916,1893,6.3,2,7,2,1
917,593,6.7,2,7,2,1
918,595,8.0,2,7,2,1
919,1648,7.9,2,7,2,1
920,832,7.9,2,7,2,1
921,922,7.1,2,7,2,1
922,908,6.7,2,7,2,1
923,652,7.7,2,7,2,1
924,1684,8.0,2,7,2,1
925,1816,7.6,2,7,2,1
926,1634,7.3,2,7,2,1
927,1972,6.7,2,7,2,1
928,1680,6.2,2,7,2,1
929,1672,6.5,2,7,2,1
930,969,6.2,2,7,2,1
931,1065,8.0,2,7,2,1
932,1987,6.2,2,7,2,1
933,913,6.9,2,7,2,1
934,905,7.2,2,7,2,1
935,1430,7.1,2,7,2,1
936,774,7.0,2,7,2,1
937,1001,7.8,2,7,2,1
938,1866,7.8,2,7,2,1
939,882,7.7,2,7,2,1
940,1781,8.0,2,7,2,1
941,1450,7.5,2,7,2,1
942,1139,6.2,2,7,2,1
943,521,7.4,2,7,2,1
944,1728,7.4,2,7,2,1
945,824,6.1,2,7,2,1
946,1857,6.8,2,7,2,1
947,893,7.2,2,7,2,1
948,1248,7.3,2,7,2,1
949,1076,6.3,2,7,2,1
950,1708,7.7,2,7,2,1
951,1016,6.0,2,7,2,1
952,1131,6.3,2,7,2,1
953,1018,7.5,2,7,2,1
954,1184,7.0,2,7,2,1
955,1858,6.1,2,7,2,1
956,1460,6.0,2,7,2,1
957,1691,7.3,2,7,2,1
958,619,7.8,2,7,2,1
959,1307,6.7,2,7,2,1
960,852,6.6,2,7,2,1
961,813,7.1,2,7,2,1
962,684,7.3,2,7,2,1
963,1117,6.8,2,7,2,1
964,1033,7.1,2,7,2,1
965,1544,6.5,2,7,2,1
966,861,6.8,2,7,2,1
967,738,8.0,2,7,2,1
968,1441,7.4,2,7,2,1
969,1551,6.4,2,7,2,1
970,1545,7.7,2,7,2,1
971,1999,6.4,2,7,2,1
972,1450,6.4,2,7,2,1
973,774,7.2,2,7,2,1
974,942,8.0,2,7,2,1
975,907,7.9,2,7,2,1
976,1663,6.7,2,7,2,1
977,941,6.4,2,7,2,1
978,1208,7.9,2,7,2,1
979,1956,6.0,2,7,2,1
980,1221,7.0,2,7,2,1
981,899,7.3,2,7,2,1
982,1128,7.3,2,7,2,1
983,693,6.9,2,7,2,1
984,1738,6.7,2,7,2,1
985,1894,6.1,2,7,2,1
986,1138,6.7,2,7,2,1
987,984,7.5,2,7,2,1
988,1769,6.7,2,7,2,1
989,1753,7.2,2,7,2,1
990,1798,7.3,2,7,2,1
991,1700,6.6,2,7,2,1
992,1124,6.3,2,7,2,1
993,1643,6.6,2,7,2,1
994,854,7.7,2,7,2,1
995,1704,6.5,2,7,2,1
996,720,7.9,2,7,2,1
997,1314,7.8,2,7,2,1
998,1338,7.4,2,7,2,1
999,670,6.5,2,7,2,1
1000,1786,6.2,2,7,2,1
1001,1088,7.3,2,8,3,1
1002,212,6.8,2,8,3,1
1003,426,6.7,2,8,3,1
1004,367,7.1,2,8,3,1
1005,1384,7.7,2,8,3,1
1006,1154,7.2,2,8,3,1
1007,468,7.0,2,8,3,1
1008,764,7.3,2,8,3,1
1009,1061,7.6,2,8,3,1
1010,254,6.2,2,8,3,1
1011,1493,7.5,2,8,3,1
1012,679,6.4,2,8,3,1
1013,1040,7.1,2,8,3,1
1014,677,7.6,2,8,3,1
1015,630,7.2,2,8,3,1
1016,746,7.9,2,8,3,1
1017,949,6.3,2,8,3,1
1018,1194,7.0,2,8,3,1
1019,1419,7.8,2,8,3,1
1020,1482,6.0,2,8,3,1
1021,812,7.6,2,8,3,1
1022,1351,7.3,2,8,3,1
1023,645,7.7,2,8,3,1
1024,353,6.5,2,8,3,1
1025,644,6.9,2,8,3,1
1026,535,6.2,2,8,3,1
1027,1487,6.2,2,8,3,1
1028,443,7.3,2,8,3,1
1029,591,6.2,2,8,3,1
1030,1442,6.7,2,8,3,1
1031,1262,6.8,2,8,3,1
1032,482,6.6,2,8,3,1
1033,520,7.3,2,8,3,1
1034,761,6.4,2,8,3,1
1035,1344,7.7,2,8,3,1
1036,788,6.8,2,8,3,1
1037,1223,7.5,2,8,3,1
1038,374,7.0,2,8,3,1
1039,1016,7.8,2,8,3,1
1040,1495,7.0,2,8,3,1
1041,249,7.8,2,8,3,1
1042,696,7.8,2,8,3,1
1043,642,7.5,2,8,3,1
1044,571,7.8,2,8,3,1
1045,366,6.6,2,8,3,1
1046,1187,7.0,2,8,3,1
1047,580,6.0,2,8,3,1
1048,288,8.0,2,8,3,1
1049,773,6.4,2,8,3,1
1050,151,7.5,2,8,3,1
1051,1380,8.0,2,8,3,1
1052,231,6.8,2,8,3,1
1053,276,6.8,2,8,3,1
1054,448,7.2,2,8,3,1
1055,779,7.5,2,8,3,1
1056,386,7.9,2,8,3,1
1057,355,7.0,2,8,3,1
1058,566,6.1,2,8,3,1
1059,479,7.6,2,8,3,1
1060,1180,8.0,2,8,3,1
1061,208,6.8,2,8,3,1
1062,429,7.0,2,8,3,1
1063,971,7.3,2,8,3,1
1064,1219,6.9,2,8,3,1
1065,801,6.6,2,8,3,1
1066,1288,7.3,2,8,3,1
1067,809,8.0,2,8,3,1
1068,379,7.9,2,8,3,1
1069,1341,6.0,2,8,3,1
1070,215,6.1,2,8,3,1
1071,195,7.4,2,8,3,1
1072,188,7.9,2,8,3,1
1073,1449,6.6,2,8,3,1
1074,1467,6.0,2,8,3,1
1075,509,7.6,2,8,3,1
1076,870,6.0,2,8,3,1
1077,717,7.3,2,8,3,1
1078,768,6.5,2,8,3,1
1079,109,6.7,2,8,3,1
1080,406,6.4,2,8,3,1
1081,929,7.6,2,8,3,1
1082,155,6.0,2,8,3,1
1083,328,6.5,2,8,3,1
1084,163,7.9,2,8,3,1
1085,1199,7.0,2,8,3,1
1086,115,7.5,2,8,3,1
1087,1192,6.7,2,8,3,1
1088,1427,7.4,2,8,3,1
1089,591,7.8,2,8,3,1
1090,878,7.6,2,8,3,1
1091,553,8.0,2,8,3,1
1092,100,6.7,2,8,3,1
1093,1340,6.6,2,8,3,1
1094,1430,7.4,2,8,3,1
1095,1462,6.5,2,8,3,1
1096,1277,6.2,2,8,3,1
1097,518,7.0,2,8,3,1
1098,880,7.6,2,8,3,1
1099,1107,7.2,2,8,3,1
1100,281,6.3,2,8,3,1
1101,1265,7.2,2,5,3,1
1102,1494,7.7,2,5,3,1
1103,1277,7.8,2,5,3,1
1104,1655,7.1,2,5,3,1
1105,532,7.5,2,5,3,1
1106,1623,7.0,2,5,3,1
1107,1871,6.8,2,5,3,1
1108,1664,6.5,2,5,3,1
1109,900,7.6,2,5,3,1
1110,815,6.7,2,5,3,1
1111,1944,7.6,2,5,3,1
1112,1384,6.2,2,5,3,1
1113,1216,7.8,2,5,3,1
1114,1424,7.8,2,5,3,1
1115,929,8.0,2,5,3,1
1116,1109,7.1,2,5,3,1
1117,1539,7.9,2,5,3,1
1118,926,7.0,2,5,3,1
1119,1057,6.7,2,5,3,1
1120,1623,6.7,2,5,3,1
1121,1200,7.1,2,5,3,1
1122,1415,7.6,2,5,3,1
1123,787,7.5,2,5,3,1
1124,1355,6.7,2,5,3,1
1125,1078,6.2,2,5,3,1
1126,1765,8.0,2,5,3,1
1127,571,6.3,2,5,3,1
1128,1164,7.2,2,5,3,1
1129,1522,6.3,2,5,3,1
1130,1791,7.5,2,5,3,1
1131,906,6.0,2,5,3,1
1132,1925,7.3,2,5,3,1
1133,1807,7.0,2,5,3,1
1134,1106,7.1,2,5,3,1
1135,1696,7.0,2,5,3,1
1136,1777,6.3,2,5,3,1
1137,808,6.7,2,5,3,1
1138,848,6.1,2,5,3,1
1139,538,6.5,2,5,3,1
1140,838,6.0,2,5,3,1
1141,1764,7.9,2,5,3,1
1142,1084,6.1,2,5,3,1
1143,1686,8.0,2,5,3,1
1144,1008,7.4,2,5,3,1
1145,1194,7.9,2,5,3,1
1146,600,7.5,2,5,3,1
1147,1296,7.7,2,5,3,1
1148,1531,7.2,2,5,3,1
1149,1769,6.8,2,5,3,1
1150,517,7.6,2,5,3,1
1151,794,7.1,2,5,3,1
1152,1511,7.3,2,5,3,1
1153,878,7.9,2,5,3,1
1154,1819,6.0,2,5,3,1
1155,1043,7.4,2,5,3,1
1156,538,7.1,2,5,3,1
1157,770,6.1,2,5,3,1
1158,1364,7.0,2,5,3,1
1159,1088,7.3,2,5,3,1
1160,1659,6.3,2,5,3,1
1161,1600,7.0,2,5,3,1
1162,560,6.9,2,5,3,1
1163,788,7.1,2,5,3,1
1164,690,6.5,2,5,3,1
1165,1375,6.6,2,5,3,1
1166,1780,7.5,2,5,3,1
1167,1035,7.4,2,5,3,1
1168,1764,8.0,2,5,3,1
1169,1668,6.6,2,5,3,1
1170,1313,7.3,2,5,3,1
1171,1051,6.9,2,5,3,1
1172,1937,7.7,2,5,3,1
1173,889,7.9,2,5,3,1
1174,1792,6.7,2,5,3,1
1175,1995,7.9,2,5,3,1
1176,610,7.8,2,5,3,1
1177,936,6.3,2,5,3,1
1178,722,7.8,2,5,3,1
1179,1213,6.7,2,5,3,1
1180,1971,6.9,2,5,3,1
1181,870,6.0,2,5,3,1
1182,1759,6.1,2,5,3,1
1183,1338,7.0,2,5,3,1
1184,1255,7.7,2,5,3,1
1185,1669,6.9,2,5,3,1
1186,965,6.8,2,5,3,1
1187,1832,6.4,2,5,3,1
1188,1357,8.0,2,5,3,1
1189,818,6.8,2,5,3,1
1190,504,8.0,2,5,3,1
1191,1888,6.1,2,5,3,1
1192,752,6.0,2,5,3,1
1193,1270,7.7,2,5,3,1
1194,1636,6.3,2,5,3,1
1195,1044,7.3,2,5,3,1
1196,1179,7.2,2,5,3,1
1197,658,6.0,2,5,3,1
1198,1240,6.8,2,5,3,1
1199,1421,7.6,2,5,3,1
1200,1524,6.1,2,5,3,1
1201,1959,7.5,3,9,1,1
1202,1980,7.9,3,9,1,1
1203,1887,7.7,3,9,1,1
1204,1798,7.8,3,9,1,1
1205,1634,7.9,3,9,1,1
1206,1897,6.3,3,9,1,1
1207,1854,6.6,3,9,1,1
1208,1572,6.8,3,9,1,1
1209,1791,7.9,3,9,1,1
1210,2000,7.7,3,9,1,1
1211,1729,7.3,3,9,1,1
1212,1740,6.6,3,9,1,1
1213,1610,6.5,3,9,1,1
1214,1737,7.0,3,9,1,1
1215,1743,6.1,3,9,1,1
1216,1810,6.3,3,9,1,1
1217,1988,7.1,3,9,1,1
1218,1969,6.7,3,9,1,1
1219,1802,6.3,3,9,1,1
1220,1561,6.1,3,9,1,1
1221,1834,6.6,3,9,1,1
1222,1864,8.0,3,9,1,1
1223,1550,7.4,3,9,1,1
1224,1701,6.0,3,9,1,1
1225,1958,7.3,3,9,1,1
1226,1597,7.5,3,9,1,1
1227,1535,7.9,3,9,1,1
1228,1837,6.9,3,9,1,1
1229,1746,8.0,3,9,1,1
1230,1987,7.7,3,9,1,1
1231,1774,7.9,3,9,1,1
1232,1705,6.3,3,9,1,1
1233,1514,6.0,3,9,1,1
1234,1637,6.9,3,9,1,1
1235,1895,7.5,3,9,1,1
1236,1549,6.2,3,9,1,1
1237,1650,6.0,3,9,1,1
1238,1934,8.0,3,9,1,1
1239,1538,7.6,3,9,1,1
1240,1958,7.3,3,9,1,1
1241,1900,6.5,3,9,1,1
1242,1558,6.4,3,9,1,1
1243,1655,7.9,3,9,1,1
1244,1567,7.7,3,9,1,1
1245,1652,7.8,3,9,1,1
1246,1774,6.2,3,9,1,1
1247,1814,7.0,3,9,1,1
1248,1696,7.7,3,9,1,1
1249,1669,7.0,3,9,1,1
1250,1632,6.3,3,9,1,1
1251,1705,6.9,3,9,1,1
1252,1914,7.0,3,9,1,1
1253,1745,6.9,3,9,1,1
1254,1687,6.7,3,9,1,1
1255,1763,6.4,3,9,1,1
1256,1868,6.2,3,9,1,1
1257,1688,6.2,3,9,1,1
1258,1774,7.7,3,9,1,1
1259,1604,7.3,3,9,1,1
1260,1638,7.0,3,9,1,1
1261,1898,6.4,3,9,1,1
1262,1879,7.3,3,9,1,1
1263,1751,7.9,3,9,1,1
1264,1942,7.5,3,9,1,1
1265,1500,6.8,3,9,1,1
1266,1798,7.7,3,9,1,1
1267,1555,7.9,3,9,1,1
1268,1624,7.5,3,9,1,1
1269,1750,6.9,3,9,1,1
1270,1690,7.2,3,9,1,1
1271,1542,7.7,3,9,1,1
1272,1551,7.9,3,9,1,1
1273,1781,6.0,3,9,1,1
1274,1969,6.3,3,9,1,1
1275,1988,7.8,3,9,1,1
1276,1695,7.8,3,9,1,1
1277,1928,7.3,3,9,1,1
1278,1862,7.6,3,9,1,1
1279,1660,6.3,3,9,1,1
1280,1649,7.5,3,9,1,1
1281,1837,6.0,3,9,1,1
1282,1525,6.9,3,9,1,1
1283,1922,7.5,3,9,1,1
1284,1643,7.4,3,9,1,1
1285,1631,6.0,3,9,1,1
1286,1568,7.7,3,9,1,1
1287,1878,6.6,3,9,1,1
1288,1712,7.1,3,9,1,1
1289,1745,6.6,3,9,1,1
1290,1936,7.9,3,9,1,1
1291,1919,7.4,3,9,1,1
1292,1975,6.1,3,9,1,1
1293,1620,6.6,3,9,1,1
1294,1759,7.0,3,9,1,1
1295,1872,8.0,3,9,1,1
1296,1898,7.7,3,9,1,1
1297,1873,6.1,3,9,1,1
1298,1822,6.9,3,9,1,1
1299,1590,6.5,3,9,1,1
1300,1523,6.8,3,9,1,1
1301,1921,7.6,3,10,1,1
1302,1713,7.0,3,10,1,1
1303,1562,6.9,3,10,1,1
1304,1704,7.3,3,10,1,1
1305,1675,7.1,3,10,1,1
1306,1725,6.0,3,10,1,1
1307,1883,7.9,3,10,1,1
1308,1608,7.6,3,10,1,1
1309,1957,7.5,3,10,1,1
1310,1811,6.0,3,10,1,1
1311,1658,7.0,3,10,1,1
1312,1930,6.6,3,10,1,1
1313,1594,6.1,3,10,1,1
1314,1599,8.0,3,10,1,1
1315,1663,7.8,3,10,1,1
1316,1787,6.8,3,10,1,1
1317,1580,6.0,3,10,1,1
1318,1572,6.0,3,10,1,1
1319,1763,6.5,3,10,1,1
1320,1509,7.4,3,10,1,1
1321,1752,6.1,3,10,1,1
1322,1693,6.8,3,10,1,1
1323,1717,6.4,3,10,1,1
1324,1817,7.5,3,10,1,1
1325,1591,6.1,3,10,1,1
1326,1869,7.4,3,10,1,1
1327,1796,6.5,3,10,1,1
1328,1874,7.3,3,10,1,1
1329,1982,8.0,3,10,1,1
1330,1766,6.9,3,10,1,1
1331,1536,6.7,3,10,1,1
1332,1844,6.4,3,10,1,1
1333,1739,6.9,3,10,1,1
1334,1935,7.7,3,10,1,1
1335,1719,6.3,3,10,1,1
1336,1904,7.3,3,10,1,1
1337,1512,7.4,3,10,1,1
1338,1705,6.5,3,10,1,1
1339,1619,6.0,3,10,1,1
1340,1708,6.2,3,10,1,1
1341,1526,6.3,3,10,1,1
1342,1918,6.2,3,10,1,1
1343,1636,7.3,3,10,1,1
1344,1944,7.2,3,10,1,1
1345,1798,6.6,3,10,1,1
1346,1952,6.3,3,10,1,1
1347,1823,7.3,3,10,1,1
1348,1822,7.8,3,10,1,1
1349,1970,7.7,3,10,1,1
1350,1941,6.2,3,10,1,1
1351,1916,7.1,3,10,1,1
1352,1597,7.9,3,10,1,1
1353,1780,7.2,3,10,1,1
1354,1768,7.9,3,10,1,1
1355,1687,6.3,3,10,1,1
1356,1711,6.6,3,10,1,1
1357,1763,6.4,3,10,1,1
1358,1644,8.0,3,10,1,1
1359,1618,6.2,3,10,1,1
1360,1995,6.0,3,10,1,1
1361,1593,8.0,3,10,1,1
1362,1853,8.0,3,10,1,1
1363,1624,8.0,3,10,1,1
1364,1839,7.1,3,10,1,1
1365,1960,7.2,3,10,1,1
1366,1722,6.8,3,10,1,1
1367,1875,6.7,3,10,1,1
1368,1618,6.0,3,10,1,1
1369,1692,6.8,3,10,1,1
1370,1635,6.7,3,10,1,1
1371,1576,6.0,3,10,1,1
1372,1883,6.2,3,10,1,1
1373,1509,7.3,3,10,1,1
1374,1599,7.3,3,10,1,1
1375,1737,7.6,3,10,1,1
1376,1798,7.4,3,10,1,1
1377,1605,6.2,3,10,1,1
1378,1501,7.9,3,10,1,1
1379,1986,7.6,3,10,1,1
1380,1548,7.9,3,10,1,1
1381,1560,6.7,3,10,1,1
1382,1816,7.3,3,10,1,1
1383,1671,6.3,3,10,1,1
1384,1877,7.2,3,10,1,1
1385,1794,7.2,3,10,1,1
1386,1656,6.3,3,10,1,1
1387,1736,6.5,3,10,1,1
1388,1631,6.4,3,10,1,1
1389,1799,6.8,3,10,1,1
1390,1542,7.9,3,10,1,1
1391,1781,7.4,3,10,1,1
1392,1797,8.0,3,10,1,1
1393,1605,6.3,3,10,1,1
1394,1922,7.3,3,10,1,1
1395,1583,6.6,3,10,1,1
1396,1947,6.3,3,10,1,1
1397,1772,6.7,3,10,1,1
1398,1612,6.6,3,10,1,1
1399,1848,8.0,3,10,1,1
1400,1544,7.6,3,10,1,1
1401,1112,6.1,3,2,1,1
1402,105,6.7,3,2,1,1
1403,1082,6.8,3,2,1,1
1404,1052,6.0,3,2,1,1
1405,425,7.6,3,2,1,1
1406,282,7.4,3,2,1,1
1407,1224,7.3,3,2,1,1
1408,1380,6.3,3,2,1,1
1409,641,7.4,3,2,1,1
1410,176,7.9,3,2,1,1
1411,123,7.1,3,2,1,1
1412,131,7.9,3,2,1,1
1413,103,6.3,3,2,1,1
1414,1065,7.9,3,2,1,1
1415,258,6.7,3,2,1,1
1416,769,7.5,3,2,1,1
1417,731,6.9,3,2,1,1
1418,682,7.4,3,2,1,1
1419,1327,7.5,3,2,1,1
1420,861,6.1,3,2,1,1
1421,191,6.7,3,2,1,1
1422,1474,7.8,3,2,1,1
1423,246,7.2,3,2,1,1
1424,842,6.3,3,2,1,1
1425,817,7.0,3,2,1,1
1426,373,7.8,3,2,1,1
1427,899,7.2,3,2,1,1
1428,1116,7.5,3,2,1,1
1429,1494,7.5,3,2,1,1
1430,638,7.1,3,2,1,1
1431,815,6.8,3,2,1,1
1432,382,7.2,3,2,1,1
1433,632,7.0,3,2,1,1
1434,574,7.9,3,2,1,1
1435,638,6.4,3,2,1,1
1436,1434,6.1,3,2,1,1
1437,497,6.6,3,2,1,1
1438,1485,6.2,3,2,1,1
1439,288,7.4,3,2,1,1
1440,802,6.9,3,2,1,1
1441,386,6.8,3,2,1,1
1442,927,7.5,3,2,1,1
1443,208,6.9,3,2,1,1
1444,863,6.0,3,2,1,1
1445,1235,7.9,3,2,1,1
1446,701,6.0,3,2,1,1
1447,1413,6.9,3,2,1,1
1448,1159,7.2,3,2,1,1
1449,1227,6.0,3,2,1,1
1450,1363,7.7,3,2,1,1
1451,117,7.9,3,2,1,1
1452,1422,6.1,3,2,1,1
1453,752,7.6,3,2,1,1
1454,262,6.0,3,2,1,1
1455,178,7.6,3,2,1,1
1456,638,6.6,3,2,1,1
1457,191,7.4,3,2,1,1
1458,495,7.0,3,2,1,1
1459,875,6.0,3,2,1,1
1460,842,7.2,3,2,1,1
1461,887,6.2,3,2,1,1
1462,837,7.0,3,2,1,1
1463,882,7.8,3,2,1,1
1464,1135,6.9,3,2,1,1
1465,699,6.5,3,2,1,1
1466,1459,7.4,3,2,1,1
1467,928,7.2,3,2,1,1
1468,859,7.9,3,2,1,1
1469,532,6.2,3,2,1,1
1470,967,6.3,3,2,1,1
1471,911,8.0,3,2,1,1
1472,625,6.2,3,2,1,1
1473,1331,7.8,3,2,1,1
1474,174,7.0,3,2,1,1
1475,855,7.7,3,2,1,1
1476,422,6.6,3,2,1,1
1477,970,6.0,3,2,1,1
1478,798,6.4,3,2,1,1
1479,270,7.6,3,2,1,1
1480,288,7.2,3,2,1,1
1481,535,7.1,3,2,1,1
1482,719,7.8,3,2,1,1
1483,979,7.9,3,2,1,1
1484,1195,7.2,3,2,1,1
1485,1203,6.1,3,2,1,1
1486,845,7.3,3,2,1,1
1487,570,6.1,3,2,1,1
1488,550,6.8,3,2,1,1
1489,1233,7.5,3,2,1,1
1490,571,6.9,3,2,1,1
1491,465,6.4,3,2,1,1
1492,1491,6.6,3,2,1,1
1493,1061,6.0,3,2,1,1
1494,697,6.5,3,2,1,1
1495,889,7.9,3,2,1,1
1496,1407,7.7,3,2,1,1
1497,1488,7.1,3,2,1,1
1498,329,7.0,3,2,1,1
1499,538,8.0,3,2,1,1
1500,985,7.8,3,2,1,1
1501,1198,7.5,3,15,1,1
1502,619,6.8,3,15,1,1
1503,704,6.9,3,15,1,1
1504,947,6.6,3,15,1,1
1505,645,7.9,3,15,1,1
1506,1258,7.6,3,15,1,1
1507,753,7.0,3,15,1,1
1508,390,7.4,3,15,1,1
1509,445,6.8,3,15,1,1
1510,887,7.7,3,15,1,1
1511,428,7.6,3,15,1,1
1512,1307,7.2,3,15,1,1
1513,604,6.7,3,15,1,1
1514,279,7.1,3,15,1,1
1515,548,6.1,3,15,1,1
1516,463,6.3,3,15,1,1
1517,559,7.3,3,15,1,1
1518,1243,7.7,3,15,1,1
1519,220,7.0,3,15,1,1
1520,1162,7.3,3,15,1,1
1521,1456,6.7,3,15,1,1
1522,1202,6.7,3,15,1,1
1523,904,7.7,3,15,1,1
1524,929,6.9,3,15,1,1
1525,523,7.5,3,15,1,1
1526,447,7.1,3,15,1,1
1527,129,7.6,3,15,1,1
1528,125,6.0,3,15,1,1
1529,1007,6.0,3,15,1,1
1530,1182,7.2,3,15,1,1
1531,1336,6.7,3,15,1,1
1532,1283,7.0,3,15,1,1
1533,1185,6.1,3,15,1,1
1534,461,6.7,3,15,1,1
1535,1232,6.4,3,15,1,1
1536,203,6.8,3,15,1,1
1537,1189,6.8,3,15,1,1
1538,633,7.0,3,15,1,1
1539,760,7.6,3,15,1,1
1540,1323,7.6,3,15,1,1
1541,595,6.2,3,15,1,1
1542,439,7.3,3,15,1,1
1543,865,7.0,3,15,1,1
1544,287,7.1,3,15,1,1
1545,838,7.1,3,15,1,1
1546,270,7.9,3,15,1,1
1547,629,7.0,3,15,1,1
1548,292,7.0,3,15,1,1
1549,1209,7.9,3,15,1,1
1550,1123,7.6,3,15,1,1
1551,618,7.8,3,15,1,1
1552,849,7.8,3,15,1,1
1553,309,7.7,3,15,1,1
1554,1304,7.1,3,15,1,1
1555,293,6.3,3,15,1,1
1556,937,6.0,3,15,1,1
1557,521,7.7,3,15,1,1
1558,688,8.0,3,15,1,1
1559,112,6.9,3,15,1,1
1560,408,6.6,3,15,1,1
1561,812,6.8,3,15,1,1
1562,229,7.8,3,15,1,1
1563,797,6.4,3,15,1,1
1564,720,7.6,3,15,1,1
1565,739,6.2,3,15,1,1
1566,709,7.6,3,15,1,1
1567,1094,7.7,3,15,1,1
1568,791,7.2,3,15,1,1
1569,789,7.2,3,15,1,1
1570,235,6.0,3,15,1,1
1571,812,7.1,3,15,1,1
1572,1130,7.6,3,15,1,1
1573,1462,7.0,3,15,1,1
1574,481,7.6,3,15,1,1
1575,1100,7.4,3,15,1,1
1576,123,7.7,3,15,1,1
1577,284,7.2,3,15,1,1
1578,131,7.3,3,15,1,1
1579,1483,7.8,3,15,1,1
1580,1260,7.8,3,15,1,1
1581,984,6.1,3,15,1,1
1582,625,6.5,3,15,1,1
1583,184,6.6,3,15,1,1
1584,790,7.3,3,15,1,1
1585,774,6.5,3,15,1,1
1586,458,6.8,3,15,1,1
1587,1154,6.9,3,15,1,1
1588,1236,6.1,3,15,1,1
1589,1022,7.9,3,15,1,1
1590,519,7.8,3,15,1,1
1591,1197,7.7,3,15,1,1
1592,1173,7.3,3,15,1,1
1593,812,7.0,3,15,1,1
1594,253,7.0,3,15,1,1
1595,1092,7.4,3,15,1,1
1596,1272,6.4,3,15,1,1
1597,1235,7.8,3,15,1,1
1598,586,6.0,3,15,1,1
1599,1374,7.5,3,15,1,1
1600,1224,6.2,3,15,1,1
1601,1509,6.5,3,11,2,1
1602,1705,6.3,3,11,2,1
1603,1552,7.2,3,11,2,1
1604,1712,7.7,3,11,2,1
1605,1691,6.6,3,11,2,1
1606,1621,7.3,3,11,2,1
1607,1559,7.4,3,11,2,1
1608,1953,6.0,3,11,2,1
1609,1694,7.7,3,11,2,1
1610,1751,7.7,3,11,2,1
1611,1577,7.8,3,11,2,1
1612,1789,7.1,3,11,2,1
1613,1993,7.7,3,11,2,1
1614,1849,7.5,3,11,2,1
1615,1509,7.4,3,11,2,1
1616,1747,6.1,3,11,2,1
1617,1506,6.9,3,11,2,1
1618,1679,7.2,3,11,2,1
1619,1757,7.1,3,11,2,1
1620,1510,7.6,3,11,2,1
1621,1979,6.7,3,11,2,1
1622,1983,7.8,3,11,2,1
1623,1783,7.4,3,11,2,1
1624,1748,6.1,3,11,2,1
1625,1893,6.5,3,11,2,1
1626,1893,8.0,3,11,2,1
1627,1724,7.0,3,11,2,1
1628,1588,6.4,3,11,2,1
1629,1632,6.2,3,11,2,1
1630,1563,8.0,3,11,2,1
1631,1871,7.7,3,11,2,1
1632,1964,7.3,3,11,2,1
1633,1791,7.6,3,11,2,1
1634,1694,6.6,3,11,2,1
1635,1662,6.4,3,11,2,1
1636,1967,7.3,3,11,2,1
1637,1882,7.3,3,11,2,1
1638,1650,6.7,3,11,2,1
1639,1804,6.0,3,11,2,1
1640,1503,8.0,3,11,2,1
1641,1573,7.1,3,11,2,1
1642,1816,8.0,3,11,2,1
1643,1740,6.3,3,11,2,1
1644,1871,6.0,3,11,2,1
1645,1514,7.2,3,11,2,1
1646,1731,6.1,3,11,2,1
1647,1597,6.2,3,11,2,1
1648,1629,6.9,3,11,2,1
1649,1580,6.5,3,11,2,1
1650,1887,6.3,3,11,2,1
1651,1876,7.6,3,11,2,1
1652,1987,7.1,3,11,2,1
1653,1502,6.0,3,11,2,1
1654,1821,6.2,3,11,2,1
1655,1611,7.8,3,11,2,1
1656,1640,6.1,3,11,2,1
1657,1729,6.3,3,11,2,1
1658,1984,8.0,3,11,2,1
1659,1983,6.0,3,11,2,1
1660,1944,6.6,3,11,2,1
1661,1730,6.4,3,11,2,1
1662,1647,6.5,3,11,2,1
1663,1886,6.7,3,11,2,1
1664,1743,6.9,3,11,2,1
1665,1531,6.8,3,11,2,1
1666,1632,7.7,3,11,2,1
1667,1931,6.8,3,11,2,1
1668,1602,7.3,3,11,2,1
1669,1905,7.4,3,11,2,1
1670,1931,6.9,3,11,2,1
1671,1795,7.7,3,11,2,1
1672,1672,6.0,3,11,2,1
1673,1822,7.2,3,11,2,1
1674,1715,6.5,3,11,2,1
1675,1647,6.1,3,11,2,1
1676,1928,6.8,3,11,2,1
1677,1664,6.0,3,11,2,1
1678,1850,6.3,3,11,2,1
1679,1726,6.7,3,11,2,1
1680,1786,6.7,3,11,2,1
1681,1698,7.1,3,11,2,1
1682,1787,6.9,3,11,2,1
1683,1662,7.6,3,11,2,1
1684,1766,7.6,3,11,2,1
1685,1775,7.4,3,11,2,1
1686,1611,6.0,3,11,2,1
1687,1680,6.8,3,11,2,1
1688,1709,7.5,3,11,2,1
1689,1716,6.6,3,11,2,1
1690,1808,6.9,3,11,2,1
1691,1808,6.2,3,11,2,1
1692,1904,7.0,3,11,2,1
1693,1651,6.5,3,11,2,1
1694,1898,7.8,3,11,2,1
1695,1676,6.7,3,11,2,1
1696,1807,7.1,3,11,2,1
1697,1572,6.5,3,11,2,1
1698,1547,6.0,3,11,2,1
1699,1852,7.9,3,11,2,1
1700,1781,7.8,3,11,2,1
1701,1602,7.3,3,12,2,1
1702,1727,6.9,3,12,2,1
1703,1594,6.9,3,12,2,1
1704,1992,7.8,3,12,2,1
1705,1779,7.5,3,12,2,1
1706,1746,8.0,3,12,2,1
1707,1564,6.1,3,12,2,1
1708,1911,7.5,3,12,2,1
1709,1864,7.1,3,12,2,1
1710,1678,7.2,3,12,2,1
1711,1793,6.7,3,12,2,1
1712,1707,7.1,3,12,2,1
1713,1888,6.8,3,12,2,1
1714,1568,6.8,3,12,2,1
1715,1930,6.7,3,12,2,1
1716,1726,7.8,3,12,2,1
1717,1630,7.6,3,12,2,1
1718,1657,7.0,3,12,2,1
1719,1783,7.0,3,12,2,1
1720,1972,6.7,3,12,2,1
1721,1593,6.7,3,12,2,1
1722,1531,7.1,3,12,2,1
1723,1616,6.1,3,12,2,1
1724,1681,7.4,3,12,2,1
1725,1582,6.8,3,12,2,1
1726,1679,6.2,3,12,2,1
1727,1961,7.4,3,12,2,1
1728,1757,6.7,3,12,2,1
1729,1636,6.8,3,12,2,1
1730,1599,6.6,3,12,2,1
1731,1603,7.3,3,12,2,1
1732,1866,6.4,3,12,2,1
1733,1803,7.4,3,12,2,1
1734,1631,6.9,3,12,2,1
1735,1884,6.0,3,12,2,1
1736,1673,7.8,3,12,2,1
1737,1780,6.8,3,12,2,1
1738,1851,8.0,3,12,2,1
1739,1728,6.8,3,12,2,1
1740,1899,7.5,3,12,2,1
1741,1939,6.0,3,12,2,1
1742,1524,7.2,3,12,2,1
1743,1841,7.2,3,12,2,1
1744,1880,6.5,3,12,2,1
1745,1651,6.2,3,12,2,1
1746,1894,6.0,3,12,2,1
1747,1539,7.1,3,12,2,1
1748,1560,7.9,3,12,2,1
1749,1925,7.7,3,12,2,1
1750,1929,7.9,3,12,2,1
1751,1704,7.5,3,12,2,1
1752,1530,6.6,3,12,2,1
1753,1775,6.1,3,12,2,1
1754,1659,6.4,3,12,2,1
1755,1945,6.4,3,12,2,1
1756,1833,7.8,3,12,2,1
1757,1919,6.8,3,12,2,1
1758,1754,7.4,3,12,2,1
1759,1585,7.6,3,12,2,1
1760,1683,6.3,3,12,2,1
1761,1848,7.2,3,12,2,1
1762,1631,7.3,3,12,2,1
1763,1966,7.9,3,12,2,1
1764,1998,6.7,3,12,2,1
1765,1763,8.0,3,12,2,1
1766,1817,6.2,3,12,2,1
1767,1548,7.3,3,12,2,1
1768,1735,6.5,3,12,2,1
1769,1606,6.6,3,12,2,1
1770,1524,6.3,3,12,2,1
1771,1923,7.5,3,12,2,1
1772,1963,7.5,3,12,2,1
1773,1901,7.3,3,12,2,1
1774,1813,7.1,3,12,2,1
1775,1640,6.3,3,12,2,1
1776,1653,6.8,3,12,2,1
1777,1679,7.0,3,12,2,1
1778,1713,6.9,3,12,2,1
1779,1536,7.7,3,12,2,1
1780,1723,6.7,3,12,2,1
1781,1708,6.6,3,12,2,1
1782,1881,7.2,3,12,2,1
1783,1679,7.7,3,12,2,1
1784,1998,7.1,3,12,2,1
1785,1711,7.1,3,12,2,1
1786,1833,7.1,3,12,2,1
1787,1727,7.7,3,12,2,1
1788,1918,6.6,3,12,2,1
1789,1571,8.0,3,12,2,1
1790,1610,7.9,3,12,2,1
1791,1608,7.3,3,12,2,1
1792,1727,7.8,3,12,2,1
1793,2000,6.8,3,12,2,1
1794,1775,6.7,3,12,2,1
1795,1952,7.1,3,12,2,1
1796,1723,6.8,3,12,2,1
1797,1508,6.8,3,12,2,1
1798,1508,6.4,3,12,2,1
1799,1896,7.0,3,12,2,1
1800,1919,6.3,3,12,2,1
1801,453,6.0,3,5,2,1
1802,555,6.6,3,5,2,1
1803,869,6.2,3,5,2,1
1804,1349,6.8,3,5,2,1
1805,1441,7.4,3,5,2,1
1806,576,7.9,3,5,2,1
1807,411,6.2,3,5,2,1
1808,833,7.5,3,5,2,1
1809,1215,7.9,3,5,2,1
1810,766,7.3,3,5,2,1
1811,386,6.9,3,5,2,1
1812,933,6.7,3,5,2,1
1813,190,7.5,3,5,2,1
1814,1071,7.5,3,5,2,1
1815,947,6.4,3,5,2,1
1816,1111,8.0,3,5,2,1
1817,750,6.6,3,5,2,1
1818,336,6.7,3,5,2,1
1819,1259,6.2,3,5,2,1
1820,1398,6.5,3,5,2,1
1821,1134,6.7,3,5,2,1
1822,519,6.2,3,5,2,1
1823,155,6.3,3,5,2,1
1824,959,7.8,3,5,2,1
1825,700,6.1,3,5,2,1
1826,268,7.5,3,5,2,1
1827,1129,6.0,3,5,2,1
1828,1467,7.7,3,5,2,1
1829,100,6.0,3,5,2,1
1830,506,6.1,3,5,2,1
1831,290,6.3,3,5,2,1
1832,487,7.1,3,5,2,1
1833,950,6.1,3,5,2,1
1834,473,6.9,3,5,2,1
1835,584,6.5,3,5,2,1
1836,1437,7.2,3,5,2,1
1837,756,6.5,3,5,2,1
1838,233,6.6,3,5,2,1
1839,445,6.8,3,5,2,1
1840,1043,6.0,3,5,2,1
1841,238,6.4,3,5,2,1
1842,1332,6.2,3,5,2,1
1843,866,6.8,3,5,2,1
1844,1083,7.1,3,5,2,1
1845,978,7.6,3,5,2,1
1846,974,6.8,3,5,2,1
1847,1262,6.0,3,5,2,1
1848,1449,7.4,3,5,2,1
1849,724,6.1,3,5,2,1
1850,894,6.5,3,5,2,1
1851,1067,7.9,3,5,2,1
1852,629,6.8,3,5,2,1
1853,1333,7.6,3,5,2,1
1854,158,6.8,3,5,2,1
1855,549,7.4,3,5,2,1
1856,993,6.9,3,5,2,1
1857,986,7.6,3,5,2,1
1858,1242,7.4,3,5,2,1
1859,846,7.0,3,5,2,1
1860,221,6.5,3,5,2,1
1861,1405,6.5,3,5,2,1
1862,506,6.6,3,5,2,1
1863,933,7.2,3,5,2,1
1864,1412,8.0,3,5,2,1
1865,557,7.0,3,5,2,1
1866,265,7.7,3,5,2,1
1867,1050,6.6,3,5,2,1
1868,1246,6.4,3,5,2,1
1869,484,6.9,3,5,2,1
1870,613,6.1,3,5,2,1
1871,1388,7.1,3,5,2,1
1872,1107,7.4,3,5,2,1
1873,1257,7.2,3,5,2,1
1874,638,6.1,3,5,2,1
1875,195,6.9,3,5,2,1
1876,1332,6.1,3,5,2,1
1877,152,6.4,3,5,2,1
1878,1017,7.7,3,5,2,1
1879,663,7.9,3,5,2,1
1880,414,7.6,3,5,2,1
1881,1434,7.1,3,5,2,1
1882,254,7.1,3,5,2,1
1883,755,6.7,3,5,2,1
1884,1243,7.1,3,5,2,1
1885,1007,7.4,3,5,2,1
1886,1356,6.3,3,5,2,1
1887,615,6.5,3,5,2,1
1888,1486,6.0,3,5,2,1
1889,681,7.0,3,5,2,1
1890,199,7.0,3,5,2,1
1891,1198,7.5,3,5,2,1
1892,515,7.0,3,5,2,1
1893,300,6.5,3,5,2,1
1894,1438,7.6,3,5,2,1
1895,741,6.1,3,5,2,1
1896,1153,7.8,3,5,2,1
1897,938,6.9,3,5,2,1
1898,760,6.1,3,5,2,1
1899,1093,7.1,3,5,2,1
1900,811,8.0,3,5,2,1
1901,1176,6.6,3,16,2,1
1902,853,6.9,3,16,2,1
1903,660,7.0,3,16,2,1
1904,1472,6.2,3,16,2,1
1905,1262,6.1,3,16,2,1
1906,415,6.8,3,16,2,1
1907,312,6.8,3,16,2,1
1908,540,7.3,3,16,2,1
1909,668,7.6,3,16,2,1
1910,825,7.3,3,16,2,1
1911,1486,7.3,3,16,2,1
1912,1006,7.6,3,16,2,1
1913,1184,7.7,3,16,2,1
1914,987,7.7,3,16,2,1
1915,1248,7.9,3,16,2,1
1916,828,7.5,3,16,2,1
1917,421,6.4,3,16,2,1
1918,1400,6.8,3,16,2,1
1919,156,6.2,3,16,2,1
1920,571,6.1,3,16,2,1
1921,496,6.9,3,16,2,1
1922,1019,6.6,3,16,2,1
1923,939,6.3,3,16,2,1
1924,133,6.6,3,16,2,1
1925,849,7.9,3,16,2,1
1926,1413,7.9,3,16,2,1
1927,522,6.9,3,16,2,1
1928,197,7.2,3,16,2,1
1929,769,7.3,3,16,2,1
1930,328,7.7,3,16,2,1
1931,935,7.0,3,16,2,1
1932,898,7.1,3,16,2,1
1933,1054,6.9,3,16,2,1
1934,765,6.3,3,16,2,1
1935,1451,6.2,3,16,2,1
1936,198,8.0,3,16,2,1
1937,518,7.1,3,16,2,1
1938,1485,7.4,3,16,2,1
1939,532,6.4,3,16,2,1
1940,1390,7.9,3,16,2,1
1941,111,6.3,3,16,2,1
1942,1388,7.6,3,16,2,1
1943,195,7.4,3,16,2,1
1944,1358,6.3,3,16,2,1
1945,776,7.1,3,16,2,1
1946,465,6.8,3,16,2,1
1947,775,6.5,3,16,2,1
1948,1026,7.9,3,16,2,1
1949,1343,7.9,3,16,2,1
1950,467,7.6,3,16,2,1
1951,1027,7.4,3,16,2,1
1952,720,6.9,3,16,2,1
1953,1044,7.3,3,16,2,1
1954,892,7.0,3,16,2,1
1955,1433,7.2,3,16,2,1
1956,712,7.2,3,16,2,1
1957,475,6.6,3,16,2,1
1958,1326,6.7,3,16,2,1
1959,499,6.8,3,16,2,1
1960,399,7.5,3,16,2,1
1961,538,6.6,3,16,2,1
1962,429,6.6,3,16,2,1
1963,905,8.0,3,16,2,1
1964,1112,7.7,3,16,2,1
1965,186,7.2,3,16,2,1
1966,411,7.1,3,16,2,1
1967,1092,7.1,3,16,2,1
1968,538,7.0,3,16,2,1
1969,823,6.4,3,16,2,1
1970,959,7.1,3,16,2,1
1971,1249,7.1,3,16,2,1
1972,778,6.7,3,16,2,1
1973,271,6.4,3,16,2,1
1974,1369,6.0,3,16,2,1
1975,1282,7.2,3,16,2,1
1976,240,7.6,3,16,2,1
1977,1049,7.5,3,16,2,1
1978,877,7.5,3,16,2,1
1979,1347,7.4,3,16,2,1
1980,1274,7.4,3,16,2,1
1981,847,7.8,3,16,2,1
1982,1377,7.9,3,16,2,1
1983,712,6.9,3,16,2,1
1984,1285,7.9,3,16,2,1
1985,445,6.7,3,16,2,1
1986,983,6.8,3,16,2,1
1987,1078,7.0,3,16,2,1
1988,816,7.1,3,16,2,1
1989,1491,6.4,3,16,2,1
1990,835,7.4,3,16,2,1
1991,755,7.3,3,16,2,1
1992,1178,6.0,3,16,2,1
1993,1317,6.7,3,16,2,1
1994,992,7.5,3,16,2,1
1995,1195,6.7,3,16,2,1
1996,546,7.2,3,16,2,1
1997,1300,7.8,3,16,2,1
1998,367,6.5,3,16,2,1
1999,143,6.0,3,16,2,1
2000,546,6.6,3,16,2,1
2001,1538,6.6,3,13,3,1
2002,1812,7.2,3,13,3,1
2003,1761,7.3,3,13,3,1
2004,1814,7.9,3,13,3,1
2005,1818,6.7,3,13,3,1
2006,1945,6.4,3,13,3,1
2007,1555,6.0,3,13,3,1
2008,1769,7.5,3,13,3,1
2009,1932,7.5,3,13,3,1
2010,1780,7.8,3,13,3,1
2011,1866,7.2,3,13,3,1
2012,1588,7.0,3,13,3,1
2013,1957,7.9,3,13,3,1
2014,1715,6.0,3,13,3,1
2015,1631,6.6,3,13,3,1
2016,1795,6.1,3,13,3,1
2017,1811,7.4,3,13,3,1
2018,1550,8.0,3,13,3,1
2019,1556,8.0,3,13,3,1
2020,1710,6.9,3,13,3,1
2021,1819,6.0,3,13,3,1
2022,1512,6.3,3,13,3,1
2023,1619,7.9,3,13,3,1
2024,1913,7.1,3,13,3,1
2025,1718,7.4,3,13,3,1
2026,1874,7.4,3,13,3,1
2027,1959,6.4,3,13,3,1
2028,1555,7.8,3,13,3,1
2029,1564,8.0,3,13,3,1
2030,1962,6.6,3,13,3,1
2031,1547,8.0,3,13,3,1
2032,1699,7.5,3,13,3,1
2033,1651,7.2,3,13,3,1
2034,1649,7.9,3,13,3,1
2035,1714,7.0,3,13,3,1
2036,1678,6.1,3,13,3,1
2037,1944,6.3,3,13,3,1
2038,1965,6.8,3,13,3,1
2039,1714,6.2,3,13,3,1
2040,1577,6.0,3,13,3,1
2041,1665,6.4,3,13,3,1
2042,1580,6.3,3,13,3,1
2043,1563,7.4,3,13,3,1
2044,1936,6.6,3,13,3,1
2045,1830,6.8,3,13,3,1
2046,1614,7.8,3,13,3,1
2047,1623,7.8,3,13,3,1
2048,1902,8.0,3,13,3,1
2049,1747,6.4,3,13,3,1
2050,1520,6.9,3,13,3,1
2051,1573,6.7,3,13,3,1
2052,1610,6.3,3,13,3,1
2053,1777,6.3,3,13,3,1
2054,1541,6.4,3,13,3,1
2055,1795,6.0,3,13,3,1
2056,1629,7.0,3,13,3,1
2057,1824,6.7,3,13,3,1
2058,1668,7.9,3,13,3,1
2059,1974,7.2,3,13,3,1
2060,1935,7.5,3,13,3,1
2061,1554,7.6,3,13,3,1
2062,1541,6.8,3,13,3,1
2063,1737,7.9,3,13,3,1
2064,1655,6.3,3,13,3,1
2065,1853,7.5,3,13,3,1
2066,1892,6.4,3,13,3,1
2067,1695,7.2,3,13,3,1
2068,1759,6.2,3,13,3,1
2069,1876,7.0,3,13,3,1
2070,1978,8.0,3,13,3,1
2071,1548,7.2,3,13,3,1
2072,1622,7.3,3,13,3,1
2073,1886,7.7,3,13,3,1
2074,1931,6.8,3,13,3,1
2075,1751,7.6,3,13,3,1
2076,1909,6.8,3,13,3,1
2077,1710,6.1,3,13,3,1
2078,1658,7.1,3,13,3,1
2079,1601,7.8,3,13,3,1
2080,1603,7.6,3,13,3,1
2081,1838,7.7,3,13,3,1
2082,1661,8.0,3,13,3,1
2083,1708,7.5,3,13,3,1
2084,1514,6.6,3,13,3,1
2085,1585,7.7,3,13,3,1
2086,1935,6.9,3,13,3,1
2087,1918,6.5,3,13,3,1
2088,1874,7.4,3,13,3,1
2089,1849,7.8,3,13,3,1
2090,1578,7.5,3,13,3,1
2091,1863,6.5,3,13,3,1
2092,1754,6.0,3,13,3,1
2093,1902,7.2,3,13,3,1
2094,1587,7.9,3,13,3,1
2095,1736,6.2,3,13,3,1
2096,1852,6.4,3,13,3,1
2097,1877,7.3,3,13,3,1
2098,1903,6.3,3,13,3,1
2099,1993,7.4,3,13,3,1
2100,1630,6.6,3,13,3,1
2101,1624,6.2,3,14,3,1
2102,1533,6.3,3,14,3,1
2103,1624,7.3,3,14,3,1
2104,1907,7.2,3,14,3,1
2105,1640,7.0,3,14,3,1
2106,1840,7.2,3,14,3,1
2107,1866,6.8,3,14,3,1
2108,1600,6.7,3,14,3,1
2109,1580,7.6,3,14,3,1
2110,1983,6.0,3,14,3,1
2111,1969,7.3,3,14,3,1
2112,1561,6.5,3,14,3,1
2113,1847,7.6,3,14,3,1
2114,1851,7.7,3,14,3,1
2115,1900,7.7,3,14,3,1
2116,1800,8.0,3,14,3,1
2117,1860,6.5,3,14,3,1
2118,1500,6.1,3,14,3,1
2119,1593,7.6,3,14,3,1
2120,1636,6.4,3,14,3,1
2121,1897,7.4,3,14,3,1
2122,1619,6.7,3,14,3,1
2123,1764,7.8,3,14,3,1
2124,1501,7.9,3,14,3,1
2125,1968,6.6,3,14,3,1
2126,1703,8.0,3,14,3,1
2127,1722,6.5,3,14,3,1
2128,1650,7.4,3,14,3,1
2129,1626,6.1,3,14,3,1
2130,1713,6.9,3,14,3,1
2131,1581,7.4,3,14,3,1
2132,1858,7.8,3,14,3,1
2133,1742,6.4,3,14,3,1
2134,1580,8.0,3,14,3,1
2135,1695,6.5,3,14,3,1
2136,1564,7.7,3,14,3,1
2137,1876,7.1,3,14,3,1
2138,1783,6.8,3,14,3,1
2139,1876,6.3,3,14,3,1
2140,1773,6.0,3,14,3,1
2141,1995,7.9,3,14,3,1
2142,1722,7.1,3,14,3,1
2143,1847,7.2,3,14,3,1
2144,1785,7.4,3,14,3,1
2145,1908,6.0,3,14,3,1
2146,1995,7.6,3,14,3,1
2147,1836,6.5,3,14,3,1
2148,1747,6.5,3,14,3,1
2149,1778,6.9,3,14,3,1
2150,1796,6.1,3,14,3,1
2151,1509,7.7,3,14,3,1
2152,1827,6.9,3,14,3,1
2153,1590,6.8,3,14,3,1
2154,1695,7.9,3,14,3,1
2155,1506,6.7,3,14,3,1
2156,1927,7.0,3,14,3,1
2157,1751,7.4,3,14,3,1
2158,1763,6.0,3,14,3,1
2159,1936,7.4,3,14,3,1
2160,1993,7.5,3,14,3,1
2161,1532,6.9,3,14,3,1
2162,1995,6.9,3,14,3,1
2163,1768,7.0,3,14,3,1
2164,1816,7.2,3,14,3,1
2165,1848,6.0,3,14,3,1
2166,1639,8.0,3,14,3,1
2167,1659,7.6,3,14,3,1
2168,1715,7.4,3,14,3,1
2169,1801,7.4,3,14,3,1
2170,1822,6.1,3,14,3,1
2171,1878,7.9,3,14,3,1
2172,1882,7.3,3,14,3,1
2173,1607,7.1,3,14,3,1
2174,1542,7.5,3,14,3,1
2175,1682,6.8,3,14,3,1
2176,1706,7.6,3,14,3,1
2177,1532,7.6,3,14,3,1
2178,1832,6.3,3,14,3,1
2179,1879,6.8,3,14,3,1
2180,1902,6.0,3,14,3,1
2181,1607,7.2,3,14,3,1
2182,1605,6.4,3,14,3,1
2183,1977,7.3,3,14,3,1
2184,1762,6.4,3,14,3,1
2185,1671,6.4,3,14,3,1
2186,1882,6.9,3,14,3,1
2187,1964,6.8,3,14,3,1
2188,1789,6.7,3,14,3,1
2189,1710,8.0,3,14,3,1
2190,1745,7.2,3,14,3,1
2191,1610,7.9,3,14,3,1
2192,1821,6.0,3,14,3,1
2193,1757,6.7,3,14,3,1
2194,1872,6.5,3,14,3,1
2195,1915,6.8,3,14,3,1
2196,1746,6.2,3,14,3,1
2197,1875,6.3,3,14,3,1
2198,1742,7.1,3,14,3,1
2199,1510,7.0,3,14,3,1
2200,1972,6.6,3,14,3,1
2201,908,7.1,3,17,3,1
2202,1308,6.2,3,17,3,1
2203,1060,6.5,3,17,3,1
2204,668,7.0,3,17,3,1
2205,623,7.1,3,17,3,1
2206,1318,7.2,3,17,3,1
2207,1184,7.7,3,17,3,1
2208,1136,6.5,3,17,3,1
2209,728,6.5,3,17,3,1
2210,1085,6.0,3,17,3,1
2211,1369,7.4,3,17,3,1
2212,977,8.0,3,17,3,1
2213,1105,6.3,3,17,3,1
2214,110,6.6,3,17,3,1
2215,592,7.4,3,17,3,1
2216,510,7.4,3,17,3,1
2217,858,6.9,3,17,3,1
2218,974,6.0,3,17,3,1
2219,1340,7.1,3,17,3,1
2220,608,7.0,3,17,3,1
2221,484,6.3,3,17,3,1
2222,875,6.6,3,17,3,1
2223,287,7.5,3,17,3,1
2224,1200,6.6,3,17,3,1
2225,659,7.6,3,17,3,1
2226,1359,7.9,3,17,3,1
2227,252,7.2,3,17,3,1
2228,1278,7.2,3,17,3,1
2229,328,6.9,3,17,3,1
2230,970,7.1,3,17,3,1
2231,1197,7.3,3,17,3,1
2232,904,8.0,3,17,3,1
2233,1149,6.1,3,17,3,1
2234,1304,7.2,3,17,3,1
2235,1388,7.9,3,17,3,1
2236,950,6.2,3,17,3,1
2237,1315,7.2,3,17,3,1
2238,1097,7.5,3,17,3,1
2239,1291,6.9,3,17,3,1
2240,365,7.6,3,17,3,1
2241,878,6.5,3,17,3,1
2242,1340,7.3,3,17,3,1
2243,1066,6.3,3,17,3,1
2244,725,6.2,3,17,3,1
2245,491,6.1,3,17,3,1
2246,471,7.6,3,17,3,1
2247,1079,6.5,3,17,3,1
2248,1239,8.0,3,17,3,1
2249,716,8.0,3,17,3,1
2250,263,6.3,3,17,3,1
2251,1191,6.1,3,17,3,1
2252,400,6.6,3,17,3,1
2253,771,8.0,3,17,3,1
2254,412,6.2,3,17,3,1
2255,649,6.5,3,17,3,1
2256,1330,7.4,3,17,3,1
2257,499,7.7,3,17,3,1
2258,1292,8.0,3,17,3,1
2259,1181,7.9,3,17,3,1
2260,383,7.4,3,17,3,1
2261,142,6.4,3,17,3,1
2262,646,8.0,3,17,3,1
2263,857,7.6,3,17,3,1
2264,427,6.0,3,17,3,1
2265,1336,7.0,3,17,3,1
2266,387,6.7,3,17,3,1
2267,1075,6.1,3,17,3,1
2268,865,7.7,3,17,3,1
2269,896,7.3,3,17,3,1
2270,404,6.9,3,17,3,1
2271,145,7.8,3,17,3,1
2272,1379,7.6,3,17,3,1
2273,155,6.0,3,17,3,1
2274,168,7.0,3,17,3,1
2275,926,6.1,3,17,3,1
2276,601,6.9,3,17,3,1
2277,246,6.0,3,17,3,1
2278,295,7.5,3,17,3,1
2279,274,7.5,3,17,3,1
2280,400,6.9,3,17,3,1
2281,885,6.3,3,17,3,1
2282,1123,6.8,3,17,3,1
2283,1095,8.0,3,17,3,1
2284,856,6.1,3,17,3,1
2285,1074,7.2,3,17,3,1
2286,580,6.7,3,17,3,1
2287,1381,6.3,3,17,3,1
2288,259,6.1,3,17,3,1
2289,714,7.9,3,17,3,1
2290,804,7.4,3,17,3,1
2291,1094,6.0,3,17,3,1
2292,1343,6.7,3,17,3,1
2293,113,7.2,3,17,3,1
2294,663,6.6,3,17,3,1
2295,554,7.2,3,17,3,1
2296,1252,6.2,3,17,3,1
2297,409,7.8,3,17,3,1
2298,1114,7.0,3,17,3,1
2299,364,6.8,3,17,3,1
2300,451,6.6,3,17,3,1
2301,275,7.3,3,18,3,1
2302,1283,7.8,3,18,3,1
2303,191,7.9,3,18,3,1
2304,872,8.0,3,18,3,1
2305,989,7.0,3,18,3,1
2306,1494,7.7,3,18,3,1
2307,216,7.4,3,18,3,1
2308,1483,6.4,3,18,3,1
2309,336,8.0,3,18,3,1
2310,1079,6.7,3,18,3,1
2311,205,6.9,3,18,3,1
2312,142,7.6,3,18,3,1
2313,1495,8.0,3,18,3,1
2314,340,7.6,3,18,3,1
2315,1113,7.6,3,18,3,1
2316,179,6.7,3,18,3,1
2317,1278,7.2,3,18,3,1
2318,1109,7.5,3,18,3,1
2319,296,6.2,3,18,3,1
2320,1408,6.4,3,18,3,1
2321,487,6.3,3,18,3,1
2322,317,7.9,3,18,3,1
2323,619,6.9,3,18,3,1
2324,110,7.9,3,18,3,1
2325,1264,6.4,3,18,3,1
2326,270,6.7,3,18,3,1
2327,891,6.0,3,18,3,1
2328,490,7.5,3,18,3,1
2329,1380,6.4,3,18,3,1
2330,501,6.8,3,18,3,1
2331,684,7.9,3,18,3,1
2332,1313,6.0,3,18,3,1
2333,393,6.7,3,18,3,1
2334,129,6.8,3,18,3,1
2335,518,7.7,3,18,3,1
2336,766,7.6,3,18,3,1
2337,717,7.3,3,18,3,1
2338,1229,7.8,3,18,3,1
2339,1251,7.6,3,18,3,1
2340,575,7.8,3,18,3,1
2341,427,8.0,3,18,3,1
2342,818,7.4,3,18,3,1
2343,298,7.4,3,18,3,1
2344,758,7.2,3,18,3,1
2345,543,7.9,3,18,3,1
2346,1417,7.5,3,18,3,1
2347,483,7.8,3,18,3,1
2348,1392,7.2,3,18,3,1
2349,823,6.9,3,18,3,1
2350,270,6.7,3,18,3,1
2351,1143,7.6,3,18,3,1
2352,696,7.5,3,18,3,1
2353,332,7.4,3,18,3,1
2354,1150,7.4,3,18,3,1
2355,777,6.2,3,18,3,1
2356,1134,6.6,3,18,3,1
2357,1199,7.7,3,18,3,1
2358,467,7.2,3,18,3,1
2359,534,6.3,3,18,3,1
2360,369,8.0,3,18,3,1
2361,196,6.0,3,18,3,1
2362,1014,6.5,3,18,3,1
2363,569,7.0,3,18,3,1
2364,1296,8.0,3,18,3,1
2365,496,7.6,3,18,3,1
2366,404,6.2,3,18,3,1
2367,1222,7.4,3,18,3,1
2368,833,6.9,3,18,3,1
2369,997,7.9,3,18,3,1
2370,1250,6.3,3,18,3,1
2371,968,6.2,3,18,3,1
2372,1113,6.5,3,18,3,1
2373,1070,6.3,3,18,3,1
2374,1110,6.6,3,18,3,1
2375,1207,6.6,3,18,3,1
2376,1389,6.1,3,18,3,1
2377,605,6.7,3,18,3,1
2378,585,7.7,3,18,3,1
2379,179,6.6,3,18,3,1
2380,1028,6.4,3,18,3,1
2381,1211,6.6,3,18,3,1
2382,273,7.8,3,18,3,1
2383,108,8.0,3,18,3,1
2384,983,6.1,3,18,3,1
2385,256,6.6,3,18,3,1
2386,1127,6.7,3,18,3,1
2387,1257,7.9,3,18,3,1
2388,290,6.3,3,18,3,1
2389,576,6.3,3,18,3,1
2390,175,7.0,3,18,3,1
2391,856,7.8,3,18,3,1
2392,1325,7.1,3,18,3,1
2393,671,6.7,3,18,3,1
2394,531,7.7,3,18,3,1
2395,508,7.1,3,18,3,1
2396,564,7.4,3,18,3,1
2397,1248,7.8,3,18,3,1
2398,217,7.5,3,18,3,1
2399,824,8.0,3,18,3,1
2400,420,6.9,3,18,3,1
